symbol,name,face_value_rs,source,as_of
AABS,"Al-Abbas Sugar Mills Limited",10,bsl.com.pk,2026-09-30
AATM,"Ali Asghar Textile Mills Limited",5,bsl.com.pk,2026-09-30
ABL,"Allied Bank Limited",10,bsl.com.pk,2026-09-30
ABOT,"Abbot Laboatories (Pakistan) Limited",10,bsl.com.pk,2026-09-30
ACIETF,"",,bsl.com.pk,2026-09-30
ACPL,"Attock Cement (Pakistan) Limited",10,bsl.com.pk,2026-09-30
ADAMS,"Adam Sugar Mills Limited",10,bsl.com.pk,2026-09-30
ADMM,"Artistic Denim Mills Limited",10,bsl.com.pk,2026-09-30
AGHA,"Agha Steel Indunstries Limited",10,bsl.com.pk,2026-09-30
AGIC,"Askari General Inusrance Company Limited",10,bsl.com.pk,2026-09-30
AGIL,"Agriautos Industries Limited",5,bsl.com.pk,2026-09-30
AGL,"Agritech Limited",10,bsl.com.pk,2026-09-30
AGP,"AGP Limited",10,bsl.com.pk,2026-09-30
AGSML,"Abdullah Shah Ghazi Sugar Mills Limited",10,bsl.com.pk,2026-09-30
AGTL,"Al-Ghazi Tractors Limited",5,bsl.com.pk,2026-09-30
AHCL,"Arif Habib Corporation Limited",1,bsl.com.pk,2026-09-30
AHTM,"Ahmed Hassan Textile Mills Limited",10,bsl.com.pk,2026-09-30
AICL,"Adamjee Insurance Company Limited",10,bsl.com.pk,2026-09-30
AIRLINK,"Air Link Communication Limited",10,bsl.com.pk,2026-09-30
AKBL,"Askari Bank Limited",10,bsl.com.pk,2026-09-30
AKDHL,"AKD Hospitality Limited",10,bsl.com.pk,2026-09-30
AKDSL,"AKD Securities Limited",10,bsl.com.pk,2026-09-30
AKGL,"Al-Khair Gadoon Limited",10,bsl.com.pk,2026-09-30
ALAC,"Askari Life Assurance Company Limited",10,bsl.com.pk,2026-09-30
ALNRS,"Al-Noor Sugar Mills Limited",10,bsl.com.pk,2026-09-30
ALTN,"Altern Energy Limited",10,bsl.com.pk,2026-09-30
AMBL,"Apna Microfinance Bank Limited",10,bsl.com.pk,2026-09-30
ANL,"Azgard Nine Limited",10,bsl.com.pk,2026-09-30
ANLNV,"Azgard Nine Limited (Non Voting Shares)",,bsl.com.pk,2026-09-30
ANSM,"Ansari Sugar Mills Limtied",10,bsl.com.pk,2026-09-30
ANTM,"AN Textile Mills Limited",10,bsl.com.pk,2026-09-30
APL,"Attock Petroleum Limited",10,bsl.com.pk,2026-09-30
ARCTM,"Arctic Textile Mills Limited",10,bsl.com.pk,2026-09-30
ARMG,"ARM Green Industries (ARMG)",10,bsl.com.pk,2026-09-30
ARPAK,"Arpak International Investment Limited",10,bsl.com.pk,2026-09-30
ARPL,"Archroma Pakistan Limited",10,bsl.com.pk,2026-09-30
ASHT,"Ashfaq Textile Mills Limited",10,bsl.com.pk,2026-09-30
ASIC,"Asia Insurance Company Limited",10,bsl.com.pk,2026-09-30
ASL,"Aisha Steel Mills Limited",10,bsl.com.pk,2026-09-30
ASLCPS,"Aisha Steel Mills Ltd(Con.Cum.Pref.Share",,bsl.com.pk,2026-09-30
ASLPS,"Aisha Steel Mills Limited (Preference Shares)",,bsl.com.pk,2026-09-30
ASTL,"Amreli Steels Ltd.",10,bsl.com.pk,2026-09-30
ASTM,"Asim Textile Mills Limited",10,bsl.com.pk,2026-09-30
ATBA,"Atlas Battery Limited",10,bsl.com.pk,2026-09-30
ATIL,"Atlas Insurance Limited",10,bsl.com.pk,2026-09-30
ATLH,"Atlas Honda Limited",10,bsl.com.pk,2026-09-30
ATRL,"Attock Refinery Limited",10,bsl.com.pk,2026-09-30
AVN,"Avanceon Limited",10,bsl.com.pk,2026-09-30
BAFL,"Bank Al-Falah Limited",5,bsl.com.pk,2026-09-30
BAFS,"Baba Farid Sugar Mills Limited",10,bsl.com.pk,2026-09-30
BAHL,"Bank Al-Habib Limited",10,bsl.com.pk,2026-09-30
BAPL,"Bawany Air Product Limited",10,bsl.com.pk,2026-09-30
BATA,"Bata Pakistan Limited",10,bsl.com.pk,2026-09-30
BBFL,"Big Bird Foods (BBFL)",10,bsl.com.pk,2026-09-30
BCL,"Bolan Casting Limited",10,bsl.com.pk,2026-09-30
BECO,"Beco Steel Limited",1,bsl.com.pk,2026-09-30
BERG,"Berger Paints Pakistan Limited",10,bsl.com.pk,2026-09-30
BFAGRO,"Barkat Frisian Agro (BFAGRO)",1,bsl.com.pk,2026-09-30
BFBIO,"BF Biosciences (BFBIO)",3,bsl.com.pk,2026-09-30
BFMOD,"B.F. Modaraba",10,bsl.com.pk,2026-09-30
BGL,"Baluchistan Glass Limited",10,bsl.com.pk,2026-09-30
BHAT,"Bhanero Textile Mills Limited",10,bsl.com.pk,2026-09-30
BIFO,"Biafo Industries Limited",10,bsl.com.pk,2026-09-30
BLUEX,"Blue-Ex (BLUEX)",1,bsl.com.pk,2026-09-30
BML,"Bank Makramah (BML)",10,bsl.com.pk,2026-09-30
BNL,"Bunny's Limited",1,bsl.com.pk,2026-09-30
BNWM,"Bannu Woollen Mills Limited",10,bsl.com.pk,2026-09-30
BOK,"Bank Of Khyber Limited",10,bsl.com.pk,2026-09-30
BOP,"Bank Of Punjab Limited",10,bsl.com.pk,2026-09-30
BRRG,"B.R.R Guardian (BRRG)",10,bsl.com.pk,2026-09-30
BTL,"Blessed Textile Mills Limited",10,bsl.com.pk,2026-09-30
BUXL,"Buxly Paints Limited",10,bsl.com.pk,2026-09-30
BWCL,"Bestway Cement Limited",10,bsl.com.pk,2026-09-30
CCM,"Crescent Cotton Mills Limited",10,bsl.com.pk,2026-09-30
CENI,"Century Insurance Company Limited",10,bsl.com.pk,2026-09-30
CEPB,"Century Paper and Board Mills Limited",10,bsl.com.pk,2026-09-30
CHAS,"Chashma Sugar Mills Limited.",10,bsl.com.pk,2026-09-30
CHBL,"Chenab Limited",10,bsl.com.pk,2026-09-30
CHCC,"Cherat Cement Company Limited",10,bsl.com.pk,2026-09-30
CLCPS,"Chenab Limited - Preference Shares",,bsl.com.pk,2026-09-30
CLOV,"Clover Pakistan Limited",1,bsl.com.pk,2026-09-30
CLVL,"Cordoba Logistics & Ventures Limited",10,bsl.com.pk,2026-09-30
CNERGY,"Cnergyico PK  Limited",10,bsl.com.pk,2026-09-30
CPHL,"Citi Pharma Ltd.",10,bsl.com.pk,2026-09-30
CRTM,"Crescent Textile Mills Limited",10,bsl.com.pk,2026-09-30
CSAP,"Crescent Steel & Allied Products Limited",10,bsl.com.pk,2026-09-30
CSIL,"Crescent Star Insurance Company Limited",10,bsl.com.pk,2026-09-30
CTM,"Colony Textile Mills Limited",10,bsl.com.pk,2026-09-30
DAAG,"Data Agro Limited",10,bsl.com.pk,2026-09-30
DADX,"Dadex Eternit Limited",10,bsl.com.pk,2026-09-30
DCL,"Dewan Cement Limited",10,bsl.com.pk,2026-09-30
DCR,"Dolmen City Reit",,bsl.com.pk,2026-09-30
DEL,"Dawood Equities Limited",10,bsl.com.pk,2026-09-30
DFML,"Dewan Farooque Motors Limited",10,bsl.com.pk,2026-09-30
DFSM,"Dewan Farooque Spinning Mills Limited",10,bsl.com.pk,2026-09-30
DGKC,"D.G. Khan Cement Company Limited",10,bsl.com.pk,2026-09-30
DIIL,"Diamond Industries Limited",10,bsl.com.pk,2026-09-30
DINT,"Din Textile Mills Limited",10,bsl.com.pk,2026-09-30
DLL,"Dawood Lawrancepur Limited",1,bsl.com.pk,2026-09-30
DMC,"D.M. Corporation (DMC)",10,bsl.com.pk,2026-09-30
DNCC,"Dandot Cement Company Limited",10,bsl.com.pk,2026-09-30
DOL,"Descon Oxychem Limited",10,bsl.com.pk,2026-09-30
DSIL,"D.S. Industires Limited",10,bsl.com.pk,2026-09-30
DYNO,"Dynea Pakistan Limited",5,bsl.com.pk,2026-09-30
ECOP,"Ecopack Limited",10,bsl.com.pk,2026-09-30
EFERT,"Engro Fertilizers Limited",10,bsl.com.pk,2026-09-30
EFUG,"EFU General Insurance Limited",10,bsl.com.pk,2026-09-30
EFUL,"EFU Life Assurance Limited",10,bsl.com.pk,2026-09-30
ELCM,"Elahi Cotton Mills Limited",10,bsl.com.pk,2026-09-30
ELSM,"Ellcot  Spinning Mills Limited",10,bsl.com.pk,2026-09-30
EMCO,"Emco Industries Limited",10,bsl.com.pk,2026-09-30
ENGROH,"Engro Holdings (ENGROH)",10,bsl.com.pk,2026-09-30
EPCL,"Engro Polymer and Chemicals Limited",10,bsl.com.pk,2026-09-30
EPCLPS,"Engro Poly(PREF)",,bsl.com.pk,2026-09-30
EPQL,"Engro Powergen Qadirpur Limited",10,bsl.com.pk,2026-09-30
EWIC,"East West Insurance Company Limited",10,bsl.com.pk,2026-09-30
EXIDE,"Exide Pakistan Limited",10,bsl.com.pk,2026-09-30
FABL,"Faysal Bank Limited",10,bsl.com.pk,2026-09-30
FANM,"First Al-Noor Modarba",10,bsl.com.pk,2026-09-30
FASM,"Faisal Spinning Mills Limited",10,bsl.com.pk,2026-09-30
FATIMA,"Fatima Fertilizer Company Limited",10,bsl.com.pk,2026-09-30
FCEPL,"Frieslandcampins Engro Foods Limited",10,bsl.com.pk,2026-09-30
FCIBL,"First Credit & Invest Bank Limited",10,bsl.com.pk,2026-09-30
FCL,"Fast Cables (FCL)",10,bsl.com.pk,2026-09-30
FCSC,"First Capital Securites Corporation Limited",10,bsl.com.pk,2026-09-30
FDPL,"First Dawood Properties (FDPL)",10,bsl.com.pk,2026-09-30
FECM,"First Elite Capital Modaraba",10,bsl.com.pk,2026-09-30
FECTC,"Fecto Cement Limited",10,bsl.com.pk,2026-09-30
FEM,"First Equity Modarba",10,bsl.com.pk,2026-09-30
FEROZ,"Ferozsons Laboratories Limited",10,bsl.com.pk,2026-09-30
FFC,"Fauji Fertilizer Company Limited",10,bsl.com.pk,2026-09-30
FFL,"Fauji Foods Limited",10,bsl.com.pk,2026-09-30
FFLM,"First Fidelity Leasing Modaraba",10,bsl.com.pk,2026-09-30
FIBLM,"First IBL Modaraba",10,bsl.com.pk,2026-09-30
FIMM,"First Imrooz Modaraba Limited",10,bsl.com.pk,2026-09-30
FLYNG,"Flying Cement Company Limited",10,bsl.com.pk,2026-09-30
FML,"Feroze 1888 Mills Limited",10,bsl.com.pk,2026-09-30
FNEL,"First National Equities Limited",1,bsl.com.pk,2026-09-30
FPJM,"First Punjab Modarba",10,bsl.com.pk,2026-09-30
FPRM,"First Paramount Modaraba",10,bsl.com.pk,2026-09-30
FRCL,"Frontier Ceramics Limited",10,bsl.com.pk,2026-09-30
FRSM,"Faran Sugar Mills Limited",10,bsl.com.pk,2026-09-30
FTMM,"First Treet Manufacturing Modarba",10,bsl.com.pk,2026-09-30
FTSM,"First Tri-Star Modarba",10,bsl.com.pk,2026-09-30
FZCM,"Fazal Cloth Mills Limited",10,bsl.com.pk,2026-09-30
GAL,"Ghandhara Automobiles (GAL)",10,bsl.com.pk,2026-09-30
GATI,"Gatron Industries Limited",10,bsl.com.pk,2026-09-30
GATM,"Gul Ahmed Textile Mills Limited",10,bsl.com.pk,2026-09-30
GCIL,"Ghani Chemical Industries Limited",10,bsl.com.pk,2026-09-30
GCWL,"Ghani Chemworld (GCWL)",10,bsl.com.pk,2026-09-30
GCWLPRS,"",10,bsl.com.pk,2026-09-30
GDL,"Ghani Dairies (GDL)",1,bsl.com.pk,2026-09-30
GEMBCEM,"Burj Clean Energy Modaraba (GEMBCEM)",10,bsl.com.pk,2026-09-30
GEMMEL,"Mughal Energy (GEMMEL)",10,bsl.com.pk,2026-09-30
GEMPACRA,"Pak Credit Rating Agency (GEMPACRA)",1,bsl.com.pk,2026-09-30
GFIL,"Ghazi Fabrics International Limited",10,bsl.com.pk,2026-09-30
GGGL,"Ghani Global Glass Limited",10,bsl.com.pk,2026-09-30
GGL,"Ghani Global Holdings Limited",10,bsl.com.pk,2026-09-30
GHGL,"Ghani Glass Limited",10,bsl.com.pk,2026-09-30
GHNI,"Ghandhara Industries Limited",10,bsl.com.pk,2026-09-30
GLAXO,"GlaxoSmithKline (Pakistan) Limited",10,bsl.com.pk,2026-09-30
GOC,"GOC (Pak) Limited.",10,bsl.com.pk,2026-09-30
GRR,"Globe Residency Reit",,bsl.com.pk,2026-09-30
GRYL,"Grays Leasing Limited",10,bsl.com.pk,2026-09-30
GTYR,"General Tyre and Rubber Co. of Pakistan Limited",10,bsl.com.pk,2026-09-30
GVGL,"Ghani Value Glass Limited",10,bsl.com.pk,2026-09-30
GWLC,"Gharibwal Cement Limited",10,bsl.com.pk,2026-09-30
HABSM,"Habib Sugar Mills Limited",5,bsl.com.pk,2026-09-30
HAEL,"Hala Enterprises Limited",10,bsl.com.pk,2026-09-30
HALEON,"Haleon Pakistan Limited",10,bsl.com.pk,2026-09-30
HBL,"Habib Bank Limited",10,bsl.com.pk,2026-09-30
HBLTETF,"",,bsl.com.pk,2026-09-30
HCAR,"Honda Atlas Cars (Pakistan) Limited",10,bsl.com.pk,2026-09-30
HGFA,"HBL Growth Fund",,bsl.com.pk,2026-09-30
HICL,"Habib Insurance Company Limited",5,bsl.com.pk,2026-09-30
HIFA,"HBL Investment Fund",,bsl.com.pk,2026-09-30
HINO,"HinoPak Motors Limited",10,bsl.com.pk,2026-09-30
HINOON,"Highnoon Laboratories Limited",10,bsl.com.pk,2026-09-30
HMB,"Habib Metropolitan Bank Limited",10,bsl.com.pk,2026-09-30
HPL,"Hoechst Pakistan (HPL)",10,bsl.com.pk,2026-09-30
HRPL,"Habib Rice Product Limited.",5,bsl.com.pk,2026-09-30
HTL,"Hi-Tech Lubricants Limited",10,bsl.com.pk,2026-09-30
HUBC,"Hub Power Company Limited",10,bsl.com.pk,2026-09-30
HUMNL,"Hum Network Limited",1,bsl.com.pk,2026-09-30
HUSI,"Husein Industries Limited",10,bsl.com.pk,2026-09-30
IBFL,"Ibrahim Fibre Limited",10,bsl.com.pk,2026-09-30
IBLHL,"IBL HealthCare Limited",10,bsl.com.pk,2026-09-30
ICCI,"ICC Industries Limited",10,bsl.com.pk,2026-09-30
ICIBL,"Invest Capital Investment Bank Limited",10,bsl.com.pk,2026-09-30
ICL,"Ittehad Chemical Limited",10,bsl.com.pk,2026-09-30
IDEAL,"",10,bsl.com.pk,2026-09-30
IDRT,"Idrees Textile Mills Limited",10,bsl.com.pk,2026-09-30
IGIHL,"IGI Holdings Limited",10,bsl.com.pk,2026-09-30
IGIL,"IGI Life Insurance Company Limited",10,bsl.com.pk,2026-09-30
ILP,"Interloop Limited",10,bsl.com.pk,2026-09-30
IMAGE,"Image Pakistan Limited",10,bsl.com.pk,2026-09-30
IMS,"Intermarket Securities (IMS)",1,bsl.com.pk,2026-09-30
INKL,"International Knitwear Limited",10,bsl.com.pk,2026-09-30
IPAK,"International Packaging Films (IPAK)",10,bsl.com.pk,2026-09-30
ISIL,"Ismail Industries Limited",10,bsl.com.pk,2026-09-30
ITANZ,"Technologies (ITANZ)",10,bsl.com.pk,2026-09-30
ITTEFAQ,"Ittefaq Iron Industries Limited",10,bsl.com.pk,2026-09-30
JATM,"J.A. Textile Mills Limited",10,bsl.com.pk,2026-09-30
JDMT,"Janana-de-Malucho Textile Mills Limited",10,bsl.com.pk,2026-09-30
JDWS,"J.D.W. Sugar Mills Limited",10,bsl.com.pk,2026-09-30
JGICL,"Jubilee General Insurance Company Limited",10,bsl.com.pk,2026-09-30
JLICL,"Jubilee Life Insurance Company Limited",10,bsl.com.pk,2026-09-30
JSBL,"JS Bank Limited",10,bsl.com.pk,2026-09-30
JSCL,"Jahangir Siddiqui Company Limited",10,bsl.com.pk,2026-09-30
JSGBETF,"",,bsl.com.pk,2026-09-30
JSGCL,"JS Global Capital Limited",10,bsl.com.pk,2026-09-30
JSIL,"JS Investments Limited",10,bsl.com.pk,2026-09-30
JSMFETF,"",,bsl.com.pk,2026-09-30
JSML,"Jauharabad Sugar Mills Limited",10,bsl.com.pk,2026-09-30
JSRR,"",,bsl.com.pk,2026-09-30
KAPCO,"Kot Addu Power Company Limited",10,bsl.com.pk,2026-09-30
KCL,"Karam Ceramics Limited",10,bsl.com.pk,2026-09-30
KEL,"K-Electric Limited",3.5,bsl.com.pk,2026-09-30
KHTC,"Khyber Tobacco Company Limited",10,bsl.com.pk,2026-09-30
KHYT,"Khyber Textile Mills Limited",10,bsl.com.pk,2026-09-30
KML,"Kohinoor Mills Limited",1,bsl.com.pk,2026-09-30
KOHC,"Kohat Cement Limited",2,bsl.com.pk,2026-09-30
KOHE,"Kohinoor Energy Limited",10,bsl.com.pk,2026-09-30
KOHP,"Kohinoor Power Company Limited",10,bsl.com.pk,2026-09-30
KOHTM,"Kohat Textile Mills Limited",10,bsl.com.pk,2026-09-30
KOIL,"Kohinoor Industries Limited",10,bsl.com.pk,2026-09-30
KOSM,"Kohinoor Spinning Mills Limited",5,bsl.com.pk,2026-09-30
KPUS,"Khairpur Sugar Mills Limited",10,bsl.com.pk,2026-09-30
KSBP,"K.S.B. Pumps Co. Limited",10,bsl.com.pk,2026-09-30
KTML,"Kohinoor Textile Mills Limited",2,bsl.com.pk,2026-09-30
LEUL,"Leather Up Industries Limited",10,bsl.com.pk,2026-09-30
LIVEN,"Pharma (LIVEN)",10,bsl.com.pk,2026-09-30
LOADS,"Loads Limited",10,bsl.com.pk,2026-09-30
LOTCHEM,"Lotte Chemical Pakistan Limited",10,bsl.com.pk,2026-09-30
LPGL,"Leiner Pak Gelatine Limited",10,bsl.com.pk,2026-09-30
LPL,"Lalpir Power Limited",10,bsl.com.pk,2026-09-30
LSECL,"LSE Capital (LSECL)",5,bsl.com.pk,2026-09-30
LSEFSL,"LSE Financial Services (LSEFSL)",10,bsl.com.pk,2026-09-30
LSEVL,"LSE Ventures (LSEVL)",5,bsl.com.pk,2026-09-30
MACFL,"Macpac Films Limited",10,bsl.com.pk,2026-09-30
MACTER,"Macter International Limited",10,bsl.com.pk,2026-09-30
MARI,"Mari Petroleum Company Limited",10,bsl.com.pk,2026-09-30
MCB,"MCB Bank Limited",10,bsl.com.pk,2026-09-30
MCBIM,"MCB Investment Management (MCBIM)",10,bsl.com.pk,2026-09-30
MDTL,"Media Times Limited",10,bsl.com.pk,2026-09-30
MEBL,"Meezan Bank Limited",10,bsl.com.pk,2026-09-30
MEHT,"Mehmood Textile Mills Limited",10,bsl.com.pk,2026-09-30
MERIT,"Merit Packaging Limited",10,bsl.com.pk,2026-09-30
MFFL,"Mitchells Fruit Farms Limited",10,bsl.com.pk,2026-09-30
MFL,"Matco Foods Limited",10,bsl.com.pk,2026-09-30
MIIETF,"",,bsl.com.pk,2026-09-30
MIRKS,"Mirpurkhas Sugar Mills Limited",10,bsl.com.pk,2026-09-30
MLCF,"Maple Leaf Cement Factory Limited",10,bsl.com.pk,2026-09-30
MQTM,"Maqbool Textile Mills Limited",10,bsl.com.pk,2026-09-30
MRNS,"Mehran Sugar Mills Limited",10,bsl.com.pk,2026-09-30
MSCL,"Metropolitan Steel Corporation Limited",10,bsl.com.pk,2026-09-30
MSOT,"Masood Textile Mills Limited",10,bsl.com.pk,2026-09-30
MTL,"Millat Tractors Limited",5,bsl.com.pk,2026-09-30
MUGHAL,"Mughal Iron and Steel Industries Limited",10,bsl.com.pk,2026-09-30
MUGHALC,"Mughal Iron & Steel Ind (MUGHALC)",10,bsl.com.pk,2026-09-30
MUREB,"Murree Brewery Company Limited",10,bsl.com.pk,2026-09-30
MWMP,"Mandviwala Mauser Plastic Industries Limited",10,bsl.com.pk,2026-09-30
MZNPETF,"",,bsl.com.pk,2026-09-30
NAGC,"Nagina Cotton Mills Limited",10,bsl.com.pk,2026-09-30
NATF,"National Foods Limited",5,bsl.com.pk,2026-09-30
NATM,"Nadeem Textile Mills Limited",10,bsl.com.pk,2026-09-30
NBP,"National Bank Of Pakistan",10,bsl.com.pk,2026-09-30
NBPGETF,"",,bsl.com.pk,2026-09-30
NCL,"Nishat Chunian Limited",10,bsl.com.pk,2026-09-30
NCPL,"Nishat Chunian Power Limited",10,bsl.com.pk,2026-09-30
NESTLE,"Nestle Pakistan Limited",10,bsl.com.pk,2026-09-30
NETSOL,"NetSol Technologies Limited",10,bsl.com.pk,2026-09-30
NEXT,"Next Capital Limited",10,bsl.com.pk,2026-09-30
NICL,"Nimir Industrial Chemicals Limited",10,bsl.com.pk,2026-09-30
NITGETF,"",,bsl.com.pk,2026-09-30
NML,"Nishat Mills Limited",10,bsl.com.pk,2026-09-30
NNAR,"",,bsl.com.pk,2026-09-30
NONS,"Noon Sugar Mills Limited",10,bsl.com.pk,2026-09-30
NPL,"Nishat Power Limited",10,bsl.com.pk,2026-09-30
NRL,"National Refinery Limited",10,bsl.com.pk,2026-09-30
NRSL,"Nimir Resins Limited",10,bsl.com.pk,2026-09-30
NSRM,"National Silk and Rayon Mills Limited",10,bsl.com.pk,2026-09-30
OBOY,"Oilboy Engergy Limited",10,bsl.com.pk,2026-09-30
OCTOPUS,"Octopus Digital Limited",10,bsl.com.pk,2026-09-30
OGDC,"Oil and Gas Development Company Limited",10,bsl.com.pk,2026-09-30
OLPL,"Orix Leasing Pakistan Limited",10,bsl.com.pk,2026-09-30
OLPM,"OLP Modaraba",10,bsl.com.pk,2026-09-30
OML,"Olympia Mills Limited",10,bsl.com.pk,2026-09-30
ORM,"Orient Rental Mod",10,bsl.com.pk,2026-09-30
OTSU,"Otsuka Pakistan Limited",10,bsl.com.pk,2026-09-30
PABC,"Pakistan Aluminium Beverage Cans Limited",10,bsl.com.pk,2026-09-30
PACE,"Pace (Pakistan) Limited",10,bsl.com.pk,2026-09-30
PAEL,"Pak Elektron Limited",10,bsl.com.pk,2026-09-30
PAKD,"Pak Datacom Limited",10,bsl.com.pk,2026-09-30
PAKL,"Pak Leather Crafts Limited",10,bsl.com.pk,2026-09-30
PAKQATAR,"Pak Qatar Family Takaful (PAKQATAR)",10,bsl.com.pk,2026-09-30
PAKRI,"Pakistan Reinsurance Company Limited",10,bsl.com.pk,2026-09-30
PAKT,"Pakistan Tobacco Company Limited",10,bsl.com.pk,2026-09-30
PCAL,"Pakistan Cables Limited",10,bsl.com.pk,2026-09-30
PGLC,"Pak Gulf Leasing Company Limited",10,bsl.com.pk,2026-09-30
PIAHCLA,"PIA Holding Company (PIAHCLA)",10,bsl.com.pk,2026-09-30
PIAHCLB,"PIA Holding Company Ltd B (PIAHCLB)",5,bsl.com.pk,2026-09-30
PIBTL,"Pakistan International Bulk Terminal Limited",10,bsl.com.pk,2026-09-30
PICT,"Pakistan International Container Terminal Limited",10,bsl.com.pk,2026-09-30
PIM,"Popular Islamic Modaraba",10,bsl.com.pk,2026-09-30
PINL,"Premier Insurance Limited",10,bsl.com.pk,2026-09-30
PIOC,"Pioneer Cement Limited",10,bsl.com.pk,2026-09-30
PKGI,"Pakistan General Insurance Company Limited",10,bsl.com.pk,2026-09-30
PKGP,"PAKGEN Power Limited",10,bsl.com.pk,2026-09-30
PKGS,"Packages Limited",10,bsl.com.pk,2026-09-30
PMRS,"Premier Sugar Mills and Distillery Company Limited",10,bsl.com.pk,2026-09-30
PNSC,"Pakistan National Shipping Corporation Limited",10,bsl.com.pk,2026-09-30
POL,"Pakistan Oilfields Limited",10,bsl.com.pk,2026-09-30
POML,"Punjab Oil Mills Limited",10,bsl.com.pk,2026-09-30
POWER,"Power Cement Limited",10,bsl.com.pk,2026-09-30
POWERPS,"Power Cement PREF",,bsl.com.pk,2026-09-30
PPL,"Pakistan Petroleum Limited",10,bsl.com.pk,2026-09-30
PPP,"Pakistan Paper Prouducts Limited",10,bsl.com.pk,2026-09-30
PQGTL,"Pak Qatar General Takaful (PQGTL)",10,bsl.com.pk,2026-09-30
PREMA,"At-Tahur Limited",10,bsl.com.pk,2026-09-30
PRET,"Premium Textile Mills Limited",10,bsl.com.pk,2026-09-30
PRL,"Pakistan Refinery Limited",10,bsl.com.pk,2026-09-30
PRWM,"Prosperity Weaving Mills Limited",10,bsl.com.pk,2026-09-30
PSEL,"Pakistan Services Limited",10,bsl.com.pk,2026-09-30
PSO,"Pakistan State Oil Company Limited",10,bsl.com.pk,2026-09-30
PSYL,"Pakistan Synthetics Limited",10,bsl.com.pk,2026-09-30
PTC,"Pakistan Telecommunication Company Limited",10,bsl.com.pk,2026-09-30
PTL,"Panther Tyres Ltd.",10,bsl.com.pk,2026-09-30
QTECH,"Quantum Data Technologies (QTECH)",5,bsl.com.pk,2026-09-30
QUICE,"Quice Food Limited",10,bsl.com.pk,2026-09-30
REDCO,"Redco Textiles Limited",10,bsl.com.pk,2026-09-30
REWM,"Reliance Weaving Mills Limited",10,bsl.com.pk,2026-09-30
RICL,"Reliance Insurance Company Limited",10,bsl.com.pk,2026-09-30
RMPL,"Rafhan Maize Products Limited",10,bsl.com.pk,2026-09-30
RPL,"Roshan Packages Limited",10,bsl.com.pk,2026-09-30
RUPL,"Rupali Polyester Limited",10,bsl.com.pk,2026-09-30
SAIF,"Saif Textile Mills Limited",10,bsl.com.pk,2026-09-30
SANSM,"Sanghar Sugar Mills Limited",10,bsl.com.pk,2026-09-30
SAPT,"Sapphire Textile Mills Limited",10,bsl.com.pk,2026-09-30
SARC,"Sardar Chemical Industries Limited",10,bsl.com.pk,2026-09-30
SASML,"Sind Abadgar Sugar Mills Limited",10,bsl.com.pk,2026-09-30
SBL,"Samba Bank Limited",10,bsl.com.pk,2026-09-30
SCBPL,"Standard Chartered Bank Limited",10,bsl.com.pk,2026-09-30
SEARL,"The Searle Company Limited",10,bsl.com.pk,2026-09-30
SEL,"Sitara Energy Limited",10,bsl.com.pk,2026-09-30
SELECT,"",10,bsl.com.pk,2026-09-30
SERT,"Service Industries Textile Limited",10,bsl.com.pk,2026-09-30
SFL,"Sapphire Fibers Limited",10,bsl.com.pk,2026-09-30
SGF,"Service GlobalFootwear Limited",10,bsl.com.pk,2026-09-30
SGPL,"S.G. Power Limited",10,bsl.com.pk,2026-09-30
SHCM,"Shadman Cotton Mills Limited",10,bsl.com.pk,2026-09-30
SHDT,"Shadab Textile Mills Limited",10,bsl.com.pk,2026-09-30
SHEZ,"Shezan International Limited",10,bsl.com.pk,2026-09-30
SHFA,"Shifa International Hospitals Limited",10,bsl.com.pk,2026-09-30
SHJS,"Shahtaj Sugar Mills Limited",10,bsl.com.pk,2026-09-30
SHNI,"Shaheen Insurance Company Limited",10,bsl.com.pk,2026-09-30
SHSML,"Shahmurad Sugar Mills Limited",10,bsl.com.pk,2026-09-30
SIBL,"Security Investment Bank Limited",10,bsl.com.pk,2026-09-30
SINDM,"Sindh Modaraba",10,bsl.com.pk,2026-09-30
SITC,"Sitara Chemical Industries Limited",10,bsl.com.pk,2026-09-30
SLGL,"Secure Logistics-Trax Group (SLGL)",10,bsl.com.pk,2026-09-30
SLM,"Service Long March Tyres (SLM)",2,bsl.com.pk,2026-09-30
SMCPL,"Safe Mix Concrete Limited",10,bsl.com.pk,2026-09-30
SNAI,"Sana Industries Limited",10,bsl.com.pk,2026-09-30
SNBL,"Soneri Bank Limited",10,bsl.com.pk,2026-09-30
SNGP,"Sui Northern Gas Pipelines Limited",10,bsl.com.pk,2026-09-30
SOYASUP,"",10,bsl.com.pk,2026-09-30
SPAC1,"LSE SPAC-I (SPAC1)",10,bsl.com.pk,2026-09-30
SPAC2,"",10,bsl.com.pk,2026-09-30
SPEL,"Synthetic Products Enterprises Limited",5,bsl.com.pk,2026-09-30
SPSL,"Sitara Petroleum Service (SPSL)",1,bsl.com.pk,2026-09-30
SPWL,"Saif Power Limited",10,bsl.com.pk,2026-09-30
SRR,"",,bsl.com.pk,2026-09-30
SRVI,"Service Industries Limited",1,bsl.com.pk,2026-09-30
SSGC,"Sui Southern Gas Company Limited",10,bsl.com.pk,2026-09-30
SSOM,"S.S. Oil Mills Limited",10,bsl.com.pk,2026-09-30
STCL,"Shabbir Tiles and Ceramics Limited",5,bsl.com.pk,2026-09-30
STJT,"Shahtaj Textile Mills Limited",10,bsl.com.pk,2026-09-30
STL,"Supernet Technologies (STL)",10,bsl.com.pk,2026-09-30
STML,"Shams Textile Mills Limited",10,bsl.com.pk,2026-09-30
STPL,"Siddiqsons Tin Plate Limited",10,bsl.com.pk,2026-09-30
STYLERS,"International (STYLERS)",10,bsl.com.pk,2026-09-30
SURC,"Suraj Cotton Mills Limited",10,bsl.com.pk,2026-09-30
SUTM,"Sunrays Textile Mills Limited",10,bsl.com.pk,2026-09-30
SYM,"Symmetry Group",1,bsl.com.pk,2026-09-30
SYS,"Systems Limited",2,bsl.com.pk,2026-09-30
SZTM,"Shahzad Textile Mills Limited",10,bsl.com.pk,2026-09-30
TATM,"Tata Textile Mills Limited",10,bsl.com.pk,2026-09-30
TBL,"Treet Battery (TBL)",10,bsl.com.pk,2026-09-30
TCORP,"Tariq Corporation Limited",10,bsl.com.pk,2026-09-30
TELE,"Telecard Limited",10,bsl.com.pk,2026-09-30
TGL,"Tariq Glass Industries Limited",10,bsl.com.pk,2026-09-30
THALL,"Thal Limited",5,bsl.com.pk,2026-09-30
THCCL,"Thatta Cement Company Limited",2,bsl.com.pk,2026-09-30
TICL,"Thal Industries Corporation Limited",10,bsl.com.pk,2026-09-30
TISL,"",10,bsl.com.pk,2026-09-30
TOMCL,"The Organic Meat Company Limited",10,bsl.com.pk,2026-09-30
TOWL,"Towellers Limited",10,bsl.com.pk,2026-09-30
TPL,"TPL Corp Limited",10,bsl.com.pk,2026-09-30
TPLI,"TPL Insurance Limited",10,bsl.com.pk,2026-09-30
TPLL,"TPL Life Insurance (TPLL)",10,bsl.com.pk,2026-09-30
TPLP,"TPL Properties Limited",10,bsl.com.pk,2026-09-30
TPLRF1,"",,bsl.com.pk,2026-09-30
TPLT,"TPL Trakker Limited",10,bsl.com.pk,2026-09-30
TREET,"Treet Corporation Limited",10,bsl.com.pk,2026-09-30
TRG,"TRG Pakistan Limited",10,bsl.com.pk,2026-09-30
TRIPF,"Tri-Pack Films Limited",10,bsl.com.pk,2026-09-30
TRSM,"Trust Modarba",10,bsl.com.pk,2026-09-30
TSBL,"Trust Securities and  Brokerage Limited",1,bsl.com.pk,2026-09-30
TSMF,"Tri-Star Mutual Fund Limited",,bsl.com.pk,2026-09-30
TSML,"Tandlianwala Sugar Mills Limited",10,bsl.com.pk,2026-09-30
TSPL,"Tri-Star Power Limited",10,bsl.com.pk,2026-09-30
UBDL,"United Brands Limited",10,bsl.com.pk,2026-09-30
UBL,"United Bank Limited",5,bsl.com.pk,2026-09-30
UBLPETF,"",,bsl.com.pk,2026-09-30
UCAPM,"UNICAP Modarba",10,bsl.com.pk,2026-09-30
UDLI,"UDL International (UDLI)",10,bsl.com.pk,2026-09-30
UDPL,"United Distributors Pakistan Limited",10,bsl.com.pk,2026-09-30
UNIC,"United Insurance Company of Pakistan Limited",10,bsl.com.pk,2026-09-30
UNITY,"Unity Foods Limited",10,bsl.com.pk,2026-09-30
UPFL,"Unilever Pakistan Foods Limited",10,bsl.com.pk,2026-09-30
UVIC,"Universal Insurance Company Limited",10,bsl.com.pk,2026-09-30
WAFI,"Energy Pakistan (WAFI)",10,bsl.com.pk,2026-09-30
WAHDAT,"Wahdat Poultry Farm",2,bsl.com.pk,2026-09-30
WAHN,"Wah Noble Chemicals Limited",10,bsl.com.pk,2026-09-30
WASL,"Mobility Modaraba (WASL)",10,bsl.com.pk,2026-09-30
WAVES,"Waves Singer Pakistan Limited",10,bsl.com.pk,2026-09-30
WAVESAPP,"Waves Home Appliances (WAVESAPP)",10,bsl.com.pk,2026-09-30
WTL,"WorldCall Telecom Limited",10,bsl.com.pk,2026-09-30
YOUW,"Yousuf Weaving Mills Limited",10,bsl.com.pk,2026-09-30
ZAHID,"Zahidjee Textile Mills Limited",10,bsl.com.pk,2026-09-30
ZAL,"Zarea (ZAL)",1,bsl.com.pk,2026-09-30
ZTL,"Zephyr Textile Limited",10,bsl.com.pk,2026-09-30
ZUMA,"Resources (ZUMA)",10,bsl.com.pk,2026-09-30
